ID (معرف فريد),اسم المنتج (Title),السعر الحالي (Price),السعر الأصلي (Original Price),العملة (Currency),معرف القسم (Category ID),اسم القسم (Category Name),الكمية المتوفرة (Quantity),نفدت الكمية؟ (Is Sold Out),الحالة (Condition: new/used),مميز في الأعلى؟ (Featured),تجريبي؟ (Demo),ترتيب العرض (Sort Order),رابط الصورة (Image URL),رابط الشراء الخارجي (Product URL),وصف المنتج (Description)
1779378765389,Mormaii FLEXXXA SLIM Professional Beach Tennis Paddle,60000,280000,د.ع,photography,التصوير,1,لا (FALSE),new,نعم (TRUE),لا (FALSE),1,https://iambeachtennis.com/cdn/shop/products/iambeachtennis_mormaii-beach-tennis_raquete-mormaii-flexxxa-slim-professional-advanced-beach-tennis-paddle.jpg?v=1671253238,https://iambeachtennis.com/products/mormaii-flexxxa-slim-2022-professional-beach-tennis-paddle?_su_rec=YEgJ4E2yE48SlPAeagYp_u0gIRlcUx6MJhlcOvcMhqco85rzeowuSzGGcTyNucPdgnEec6EZzlPn1bFDzcevb_VSg05aElwJUlJVnll3aDgCjMz_VQPSVlmnG4tUrNKdSp5CRvUYnK9-ZxGoM8NsYr-DVxyaBds5EumZdUlM5U5JcgS1Kdig7-vyVGmpfmWleAVvAvZivlY6xZ7gsy7lvmrhBwtbhjmIJXgshDwpXed1byqsWdN3nZ4GnDTo4e9lbaZNaRviWJInRsa_23I0kNJQCyiWPJcsxjkFYNql1RXV72nYrRs&_su_rec_id=7b736abc-c9b4-4811-88cb-af3356671570-1779378627,"مضرب Mormaii FLEXXXA 2022.. السلاح السري للمحترفين في ملاعب الـ Beach Tennis

🔴 تطور واحترافية: هذا المضرب مو مجرد أداة، هذا ""Flexxxa"" إصدار 2022 المصمم خصيصاً للاعبين المحترفين والمتقدمين اللي يدورون على دمج مثالي بين القوة والتحكم، ويخليك تسيطر على كل ضربة بالملعب بثقة مطلقة.

⭕ هيكل كاربوني متين: المضرب مصنوع بالكامل من الكاربون 3K (الفريم والوجه)، وهذا الشي يعطيك مرونة عالية جداً وقوة دفع خرافية للكرة، وبنفس الوقت يحافظ على استقرار المضرب حتى وية أقوى الضربات.

✅ مواصفات ""توب"" للآداء العالي:

القلب: حشوة EVA Soft اللي تمتص الصدمات وتعطيك شعور مريح جداً بالإيد وتساعدك بضربات دقيقة ومتحكم بها.

السطح: يتميز بـ 32 ثقب مع سطح خشن يساعدك بزيادة ""السبين"" (Spin) والسيطرة على مسار الكرة.

الوزن والمقاس: وزن مثالي (حوالي 330 غرام) وطول 50 سم، يعني خفة بالحركة وسرعة استجابة مذهلة وقت التبادل السريع.

🟩 تصميم يريحك بالمباريات: المضرب متوازن جداً ويقلل من تعب الإيد حتى بالمباريات الطويلة والمجهدة، ويجي وياه ""كفر"" (حقيبة) أصلية تحمي المضرب من الخدوش والأوساخ بعد كل طلعة.

🟢 ماركة غنية عن التعريف: Mormaii هي الملكة بمجال الـ Beach Tennis، وكل قطعة من إصداراتهم هي استثمار بمعداتك الرياضية لتعيش وياك عمر وتتحمل أصعب ظروف اللعب على الرمل.

🟥 الكمية محدودة: إذا تريد تنقل مستواك لمرحلة الاحتراف وتلعب بمضرب بطل، لا تتردد. اتصل بينا أو راسلنا على الخاص واحجز قطعتك قبل لا تخلص الوجبة، والتوصيل مالتنا سريع ويوصلك لكل مكان بالعراق وتدلل علينا!

Mormaii FLEXXXA 2022 Professional Beach Tennis Racket
ڕاکێتی تێنسی کەنار دەریا مۆرمای فلێکسا ٢٠٢٢"
1779378489358,ULANZI Claw Quick Release Camera Mount,25000,50000,د.ع,photography,التصوير,1,لا (FALSE),new,لا (FALSE),لا (FALSE),2,https://m.media-amazon.com/images/I/612DnCX6kKL._AC_SL1200_.jpg,https://www.amazon.co.uk/ULANZI-Release-Adapter-Cameras-Monopod/dp/B08CGN3L6F,"🔴 فك وتركيب بلمحة عين: وداعاً لهوسة البراغي اللي تاخذ وكت وتضيع اللقطة؛ هذا النظام يخليك تفك وتشد الكاميرا من الترايبود بضغطة وحدة، يعني سرعة وانسيابية ما إلها مثيل.

⭕ قفل أمان وموثوق: التصميم مالته عبقري، يربط الكاميرا أو الجيمبل بكل ثبات بفضل نظام ""السلايد لوك"" (Slide Lock). القفل ماله متين ويخليك تشتغل وأنت مرتاح ومطمن إن الكاميرا مأمنة بمكانها وما تتحرك.

✅ يرهم على كل شي: الماونت عالمي ومصمم ليشتغل وية أي كاميرا عندك. يعني التنقل بين الترايبود، الجيمبل، أو أي ستاند ثاني صار أسهل وأسرع من أي وكت مضى.

🟩 خفيف وذكي: حجمه كلش صغير (40 ملم) ووزنه بس 50 غرام، يعني ما يضيف أي ثقل على معداتك. ومزود بـ ""ربل"" ناعم يحمي الكاميرا من الخدوش ويمنع الانزلاق.

🟢 قوة تحمل جبارة: مصنوع من ألمنيوم صلب يتحمل وزن لحد 50 كيلو! يعني انسى البلاستيك والكسر، هاي القطعة تعيش وياك عمر وتتحمل أكرف ظروف الشغل.

🟥 وصلت الوجبة الجديدة يمنا: لا تضيع وقتك بالتركيب اليدوي وتطور معداتك هسة. اتصل بينا أو راسلنا على الخاص واحجز قطعتك قبل لا تخلص، التوصيل مالتنا سريع ويوصلك وين ما جنت بالعراق وتدلل!

ULANZI Claw Quick Release Plate
یوڵانزی کڵاو کویک ڕیلیس پڵەیت"
1777149291882,LOFREE keyboard  flow lite 84,80000,186000,د.ع,pc,الكمبيوتر والإنتاجية,1,لا (FALSE),new,نعم (TRUE),لا (FALSE),3,https://www.lofree.co/cdn/shop/files/Flow84_White_PI03.webp?v=1727493654&width=800,"https://www.lofree.co/products/flow-lite84-mechanical-keyboard#:~:text=The%20Flow%20Lite84%20is%20designed,Satisfying%20Acoustics.","Lofree Flow Lite 84 - الأناقة البيضاء في متناول يدك ⌨️✨
أهم المميزات باختصار ⚡
تصميم فائق النحافة: لوحة ميكانيكية (Low-Profile) تجمع بين الأناقة والراحة لمعصم اليد 💎.
أنعم تجربة طباعة: بفضل سويتشات Specter POM التي تزداد نعومة مع كل ضغطة ☁️.
زر الإيموجي السريع: عبّر عن مشاعرك بضغطة زر واحدة مخصصة للرموز التعبيرية 😍.
صوت هادئ وممتع: تقنية Gasket Mount تمنحك صوتاً ""ثقياً"" وناعماً بدون ضجيج 🔊.
تحكم كامل: بكرة ميكانيكية أنيقة للتحكم السريع في مستوى الصوت 🔄.
المواصفات التقنية 🛠️
اللون: أبيض لؤلؤي (Off-white) مع لمسات رمادية فاتحة ⚪.
عدد المفاتيح: 84 مفتاحاً (توزيع 75%) لتوفير مساحة المكتب 📏.
نوع الاتصال: ثلاثي الأوضاع (بلوتوث 5.4، لاسلكي 2.4G، سلكي USB-C) 📶.
سرعة الاستجابة: 1000Hz (في وضع اللاسلكي 2.4G) للأداء السريع 🚀.
التوافق: تدعم أنظمة (Windows, macOS, iOS, Android) مع سهولة التبديل 💻📱.
البطارية: سعة 2000mAh تدوم طويلاً مع منفذ شحن سريع 🔋.
الإضاءة: إضاءة خلفية LED بيضاء هادئة قابلة للتعديل 💡.
المواد: مفاتيح PBT عالية الجودة مقاومة للتآكل واللمعان ⌨️."
1777148744013,Nike air force black 44 size,50000,178000,د.ع,clothing,الأحذية والملابس,1,لا (FALSE),new,نعم (TRUE),لا (FALSE),4,"https://static.nike.com/a/images/t_web_pdp_535_v2/f_auto,u_9ddf04c7-2a9a-4d76-add1-d15af8f0263d,c_scale,fl_relative,w_1.0,h_1.0,fl_layer_apply/fc4622c4-2769-4665-aa6e-42c974a7705e/AIR+FORCE+1+%2707.png",https://www.nike.com/t/air-force-1-07-mens-shoes-jBrhbr/CW2288-001,"نايكي إير فورس 1 ""أسود بالكامل"" (Triple Black)
الأناقة الكلاسيكية التي لا تنتهي.
التصميم: جلد طبيعي فاخر بالكامل، يجمع بين القوة والمظهر العصري.
الراحة: مزود بتقنية Nike Air لتوسيد مريح يدوم طوال اليوم.
المتانة: نعل مطاطي قوي يوفر ثباتاً ممتازاً على مختلف الأسطح.
المقاس: 44 EU (مثالي لمن يبحث عن مظهر رياضي مريح).
الاستخدام: قطعة أساسية تناسب جميع الإطلالات (سبورت، جينز، كاجوال).
حذاء واحد.. لكل المناسبات."
1776611968243,Meike lens adapter EF - EOS R 0.71 X,120000,353400,د.ع,photography,التصوير,1,لا (FALSE),new,نعم (TRUE),لا (FALSE),5,https://meikeglobal.com/cdn/shop/files/B29A7949.png?v=1717129704&width=1985,https://meikeglobal.com/products/speedbooster?variant=44212080804068,"محول عدسة افضل من الاصلي أهم مميزات محول Meike 0.71x Locking في نقاط مختصرة:
زيادة الإضاءة: يمنحك وقفة ضوئية إضافية (مثلاً تتحول f/4 إلى f/2.8).
توسيع الزاوية: يقلل البعد البؤري بمقدار 0.71x لتعويض ""الكروب سنسور"".
قفل سينمائي: نظام تثبيت دوار يمنع اهتزاز العدسة نهائياً (Zero Play).
جودة بصرية: يحتوي على 5 عناصر زجاجية لتركيز الضوء على الحساس.
متانة المعدن: تصميم قوي من الفولاذ المقاوم للصدأ مع حماية من الطقس.
دعم إلكتروني: نقل كامل لبيانات الـ EXIF ودعم الفوكس التلقائي (AF)."
1776611664989,"Quntis Monitor Light Bar Focus Black, PRO+",50000,120000,د.ع,pc,الكمبيوتر والإنتاجية,1,لا (FALSE),new,نعم (TRUE),لا (FALSE),6,https://www.quntis.com/cdn/shop/files/31279278096450.jpg?v=1710310541&width=1000,https://www.quntis.com/products/monitor-light-bar-pro-with-remote-control-eye-care-technology-computer-monitor-lamp-with-auto-dimming-no-screen-glare,"مصباح Quntis Monitor Light Bar PRO+ (51 سم) هو حل إضاءة احترافي يتميز بـ:
تصميم ذكي: يتناسب مع الشاشات المسطحة والمنحنية، مع ريموت كنترول لاسلكي للتحكم السهل.
حماية العين: تقنية تمنع الوهج وانعكاس الضوء على الشاشة، مما يقلل إجهاد العين.
تحكم ذكي: مستشعر مدمج للتعتيم التلقائي حسب إضاءة الغرفة، مع إمكانية تعديل السطوع ودرجة اللون يدوياً.
مثالي للعمل والألعاب: يوفر إضاءة مكتبية مركزة توفر مساحة على الطاولة بفضل التصميم المعلق."
1776611502245,Mella ساعة ذكية لتعليم وقت النوم للاطفال,25000,77500,د.ع,home,المنزل,1,لا (FALSE),new,نعم (TRUE),لا (FALSE),7,https://littlehippo.com/cdn/shop/files/Pink-bluegreen-light_edit_2048x.jpg?v=1729104363,https://littlehippo.com/products/mella,"ميلا (Mella) من Little Hippo هي ساعة تدريب ذكية ومضيئة للأطفال، صُممت لتحسين عادات النوم.
المزايا:
مؤشر ضوئي: ألوان تعليمية (أحمر للنوم، أصفر للاستعداد، أخضر للاستيقاظ).
وقت القيلولة: إعدادات مخصصة للقيلولة.
أصوات مهدئة: تحتوي على أصوات طبيعية وموسيقى هادئة.
شاشة رقمية: واجهة بسيطة لتعلم الوقت.
خاصية قفل الأمان: لمنع الأطفال من تغيير الإعدادات.
تساعد طفلك على معرفة وقت النوم والنهوض بشكل ممتع وآمن."
10,مصباح مكتبي ذكي,40000,50000,د.ع,home,المنزل,1,لا (FALSE),new,لا (FALSE),نعم (TRUE),8,https://images.unsplash.com/photo-1513506003901-1e6a229e2d15?auto=format&fit=crop&w=600&q=80,https://amazon.com,مصباح مكتب بإضاءة قابلة للتعديل والتحكم باللمس، مريح للعين.
7,حقيبة ظهر للسفر,45000,55000,د.ع,clothing,الأحذية والملابس,1,لا (FALSE),new,لا (FALSE),نعم (TRUE),9,https://images.unsplash.com/photo-1553062407-98eeb64c6a62?auto=format&fit=crop&w=600&q=80,https://amazon.com,حقيبة متينة ومقاومة للماء، مع مساحة مخصصة للكمبيوتر المحمول.
5,لوحة مفاتيح ميكانيكية,65000,80000,د.ع,pc,الكمبيوتر والإنتاجية,1,لا (FALSE),new,لا (FALSE),نعم (TRUE),10,https://images.unsplash.com/photo-1595225476474-87563907a212?auto=format&fit=crop&w=600&q=80,https://amazon.com,لوحة مفاتيح بإضاءة RGB، مفاتيح زرقاء سريعة الاستجابة.
4,شاشة كمبيوتر 27 بوصة,210000,250000,د.ع,pc,الكمبيوتر والإنتاجية,1,لا (FALSE),new,لا (FALSE),نعم (TRUE),11,https://images.unsplash.com/photo-1527443224154-c4a3942d3acf?auto=format&fit=crop&w=600&q=80,https://amazon.com,شاشة عالية الدقة 144Hz، ألوان زاهية، مثالية للألعاب والإنتاجية.
3,حذاء رياضي للجري,85000,100000,د.ع,clothing,الأحذية والملابس,1,لا (FALSE),new,لا (FALSE),نعم (TRUE),12,https://images.unsplash.com/photo-1542291026-7eec264c27ff?auto=format&fit=crop&w=600&q=80,https://amazon.com,حذاء مريح وخفيف الوزن، مصمم خصيصاً للجري والمسافات الطويلة.
2,خيمة تخييم عائلية,120000,150000,د.ع,camping,التخييم والصيد,1,لا (FALSE),new,لا (FALSE),نعم (TRUE),13,https://images.unsplash.com/photo-1478131143081-80f7f84ca84d?auto=format&fit=crop&w=600&q=80,https://amazon.com,خيمة واسعة تتسع لـ 4 أشخاص، مقاومة للماء والرياح، سهلة التركيب.
1,كاميرا رقمية احترافية,450000,500000,د.ع,photography,التصوير,1,لا (FALSE),new,لا (FALSE),نعم (TRUE),14,https://images.unsplash.com/photo-1516035069371-29a1b244cc32?auto=format&fit=crop&w=600&q=80,https://amazon.com,كاميرا احترافية بدقة 4K مع عدسة 50mm، مثالية للمصورين المحترفين والمبتدئين.
